<addon id="script.module.zeroconf" name="python-zeroconf" version="0.131.0" provider-name="python-zeroconf">
	<requires>
		<import addon="xbmc.python" version="3.0.0" />
	</requires>
	<extension point="xbmc.python.module" library="lib"/>
	<extension point="xbmc.addon.metadata">
		<license>LGPL-2.1-or-later</license>
	    <summary lang="en_GB">This is a fork of pyzeroconf, Multicast DNS Service Discovery for Python, originally by Paul Scott-Murphy, modified by William McBrine.</summary>
	    <description lang="en_GB">This is a fork of pyzeroconf, Multicast DNS Service Discovery for Python, originally by Paul Scott-Murphy (https://github.com/paulsm/pyzeroconf), modified by William McBrine (https://github.com/wmcbrine/pyzeroconf). Packaged for Kodi (https://github.com/zim514/script.module.zeroconf)</description>
	    <platform>all</platform>
	    <website>https://github.com/python-zeroconf/python-zeroconf</website>
	    <source>https://github.com/python-zeroconf/python-zeroconf</source>
	</extension>
</addon>
